{"cameraMode":{"drawMode":0,"name":"Shaded","section":"Shading Mode"},"sceneLighting":true,"audioPlay":false,"sceneViewState":{"showFog":true,"showMaterialUpdate":false,"showSkybox":true,"showFlares":true,"showImageEffects":true,"showParticleSystems":true},"in2DMode":false,"pivot":{"x":175.13621520996095,"y":235.65106201171876,"z":334.5817565917969},"rotation":{"x":-0.0013615997740998865,"y":0.8616670370101929,"z":0.002310599433258176,"w":0.5074670314788818},"size":22.0,"orthographic":false}