{"cameraMode":{"drawMode":0,"name":"Shaded","section":"Shading Mode"},"sceneLighting":false,"audioPlay":false,"sceneViewState":{"showFog":true,"showMaterialUpdate":false,"showSkybox":false,"showFlares":true,"showImageEffects":true,"showParticleSystems":true},"in2DMode":false,"pivot":{"x":5.960464477539063e-8,"y":0.08940869569778443,"z":-0.15004408359527589},"rotation":{"x":-0.1807907521724701,"y":-0.017351901158690454,"z":0.0031912480480968954,"w":-0.9833633899688721},"size":4.9011921882629398,"orthographic":false}