{"cameraMode":{"drawMode":0,"name":"Shaded","section":"Shading Mode"},"sceneLighting":false,"audioPlay":false,"sceneViewState":{"showFog":true,"showMaterialUpdate":false,"showSkybox":false,"showFlares":true,"showImageEffects":true,"showParticleSystems":true},"in2DMode":false,"pivot":{"x":0.0,"y":0.5073464512825012,"z":-0.1741318702697754},"rotation":{"x":-0.1807907521724701,"y":-0.017351901158690454,"z":0.0031912480480968954,"w":-0.9833633899688721},"size":4.255897521972656,"orthographic":false}